{"cameraMode":{"drawMode":0,"name":"Shaded","section":"Shading Mode"},"sceneLighting":true,"audioPlay":false,"sceneViewState":{"m_AlwaysRefresh":false,"showFog":true,"showSkybox":true,"showFlares":true,"showImageEffects":true,"showParticleSystems":true,"showVisualEffectGraphs":true,"m_FxEnabled":true},"in2DMode":false,"pivot":{"x":-4.214822769165039,"y":1.598658800125122,"z":-2.504483699798584},"rotation":{"x":-0.16006353497505189,"y":0.025756245478987695,"z":-0.0041802190244197849,"w":-0.9867604374885559},"size":3.9247446060180666,"orthographic":false}