{"cameraMode":{"drawMode":0,"name":"Shaded","section":"Shading Mode"},"sceneLighting":true,"audioPlay":false,"sceneViewState":{"m_AlwaysRefresh":false,"showFog":true,"showSkybox":true,"showFlares":true,"showImageEffects":true,"showParticleSystems":true,"showVisualEffectGraphs":true,"m_FxEnabled":true},"in2DMode":false,"pivot":{"x":-0.08358967304229737,"y":3.060389757156372,"z":-1.9000235795974732},"rotation":{"x":-0.4663061499595642,"y":0.19262969493865968,"z":-0.1048130989074707,"w":-0.8570063710212708},"size":1.2247449159622193,"orthographic":false}