{"cameraMode":{"drawMode":0,"name":"Shaded","section":"Shading Mode"},"sceneLighting":true,"audioPlay":false,"sceneViewState":{"m_AlwaysRefresh":false,"showFog":true,"showSkybox":true,"showFlares":true,"showImageEffects":true,"showParticleSystems":true,"showVisualEffectGraphs":true,"m_FxEnabled":true},"in2DMode":false,"pivot":{"x":636.696044921875,"y":275.8675537109375,"z":283.5709533691406},"rotation":{"x":0.00031967120594345033,"y":-0.03592117130756378,"z":-0.0001757387799443677,"w":0.9996106624603272},"size":321.3659973144531,"orthographic":false}