{"cameraMode":{"drawMode":0,"name":"Shaded","section":"Shading Mode"},"sceneLighting":true,"audioPlay":false,"sceneViewState":{"m_AlwaysRefresh":false,"showFog":true,"showSkybox":true,"showFlares":true,"showImageEffects":true,"showParticleSystems":true,"showVisualEffectGraphs":true,"m_FxEnabled":true},"in2DMode":false,"pivot":{"x":-4.3456268310546879,"y":10.192800521850586,"z":-5.808741569519043},"rotation":{"x":0.10004060715436936,"y":-0.849079430103302,"z":0.17379455268383027,"w":0.48874184489250185},"size":10.68278980255127,"orthographic":true}