{"cameraMode":{"drawMode":0,"name":"Shaded","section":"Shading Mode"},"sceneLighting":true,"audioPlay":false,"sceneViewState":{"m_AlwaysRefresh":false,"showFog":true,"showSkybox":true,"showFlares":true,"showImageEffects":true,"showParticleSystems":true,"showVisualEffectGraphs":true,"m_FxEnabled":true},"in2DMode":false,"pivot":{"x":-28.927295684814454,"y":7.597080230712891,"z":-13.746270179748536},"rotation":{"x":-0.27711766958236697,"y":0.012316707521677018,"z":-0.003975896164774895,"w":-0.9607783555984497},"size":2.7134933471679689,"orthographic":false}