{"cameraMode":{"drawMode":0,"name":"Shaded","section":"Shading Mode"},"sceneLighting":true,"audioPlay":false,"sceneViewState":{"m_AlwaysRefresh":false,"showFog":true,"showSkybox":true,"showFlares":true,"showImageEffects":true,"showParticleSystems":true,"showVisualEffectGraphs":true,"m_FxEnabled":true},"in2DMode":false,"pivot":{"x":-19.26907730102539,"y":1.5682971477508546,"z":24.37474250793457},"rotation":{"x":0.2050544172525406,"y":0.04841841757297516,"z":-0.009779755026102066,"w":0.9776811599731445},"size":0.9027150273323059,"orthographic":false}