{"cameraMode":{"drawMode":0,"name":"Shaded","section":"Shading Mode"},"sceneLighting":true,"audioPlay":false,"sceneViewState":{"m_AlwaysRefresh":false,"showFog":true,"showSkybox":true,"showFlares":true,"showImageEffects":true,"showParticleSystems":true,"showVisualEffectGraphs":true,"m_FxEnabled":true},"in2DMode":false,"pivot":{"x":18.587480545043947,"y":3.9133071899414064,"z":2.3065757751464845},"rotation":{"x":-0.13616225123405457,"y":0.3184319734573364,"z":-0.04627862200140953,"w":-0.9369955658912659},"size":16.90618324279785,"orthographic":false}