{"cameraMode":{"drawMode":0,"name":"Shaded","section":"Shading Mode"},"sceneLighting":true,"audioPlay":false,"sceneViewState":{"m_AlwaysRefresh":false,"showFog":true,"showSkybox":true,"showFlares":true,"showImageEffects":true,"showParticleSystems":true,"showVisualEffectGraphs":true,"m_FxEnabled":true},"in2DMode":false,"pivot":{"x":-15.374042510986329,"y":-5.398124694824219,"z":-11.552591323852539},"rotation":{"x":0.22374087572097779,"y":-0.5915321707725525,"z":0.17554153501987458,"w":0.7546905875205994},"size":13.752021789550782,"orthographic":false}