{"cameraMode":{"drawMode":0,"name":"Shaded","section":"Shading Mode"},"sceneLighting":false,"audioPlay":false,"sceneViewState":{"m_AlwaysRefresh":false,"showFog":true,"showSkybox":false,"showFlares":true,"showImageEffects":true,"showParticleSystems":true,"showVisualEffectGraphs":true,"m_FxEnabled":true},"in2DMode":false,"pivot":{"x":4.76800012588501,"y":0.20800000429153443,"z":11.019000053405762},"rotation":{"x":0.24859096109867097,"y":-0.11013509333133698,"z":0.028469253331422807,"w":0.9619194865226746},"size":0.8660253882408142,"orthographic":false}