{"cameraMode":{"drawMode":0,"name":"Shaded","section":"Shading Mode"},"sceneLighting":false,"audioPlay":false,"sceneViewState":{"m_AlwaysRefresh":false,"showFog":true,"showSkybox":false,"showFlares":true,"showImageEffects":true,"showParticleSystems":true,"showVisualEffectGraphs":true,"m_FxEnabled":true},"in2DMode":false,"pivot":{"x":-1.1081737279891968,"y":-0.3686482012271881,"z":-16.048351287841798},"rotation":{"x":-0.007323224097490311,"y":-0.9911393523216248,"z":0.06403259187936783,"w":-0.11582186073064804},"size":2.1066043376922609,"orthographic":false}