{"cameraMode":{"drawMode":0,"name":"Shaded","section":"Shading Mode"},"sceneLighting":false,"audioPlay":false,"sceneViewState":{"m_AlwaysRefresh":false,"showFog":true,"showSkybox":false,"showFlares":true,"showImageEffects":true,"showParticleSystems":true,"showVisualEffectGraphs":true,"m_FxEnabled":true},"in2DMode":false,"pivot":{"x":0.37498408555984499,"y":0.7793965339660645,"z":-14.02875804901123},"rotation":{"x":0.2396760731935501,"y":-0.08575069159269333,"z":0.02112148143351078,"w":0.9667964577674866},"size":0.9027149677276611,"orthographic":false}