{"cameraMode":{"drawMode":0,"name":"Shaded","section":"Shading Mode"},"sceneLighting":false,"audioPlay":false,"sceneViewState":{"m_AlwaysRefresh":false,"showFog":true,"showSkybox":false,"showFlares":true,"showImageEffects":true,"showParticleSystems":true,"showVisualEffectGraphs":true,"m_FxEnabled":true},"in2DMode":false,"pivot":{"x":-5.660030364990234,"y":3.2601206302642824,"z":-12.776622772216797},"rotation":{"x":0.24934512376785279,"y":0.39049696922302248,"z":-0.11073058843612671,"w":0.8793108463287354},"size":12.124356269836426,"orthographic":false}