{"cameraMode":{"drawMode":0,"name":"Shaded","section":"Shading Mode"},"sceneLighting":false,"audioPlay":false,"sceneViewState":{"m_AlwaysRefresh":false,"showFog":true,"showSkybox":false,"showFlares":true,"showImageEffects":true,"showParticleSystems":true,"showVisualEffectGraphs":true,"m_FxEnabled":true},"in2DMode":false,"pivot":{"x":-25.659038543701173,"y":0.23794424533843995,"z":24.418766021728517},"rotation":{"x":-0.2681044638156891,"y":0.2024381160736084,"z":-0.057730965316295627,"w":-0.9401059746742249},"size":0.8660253882408142,"orthographic":false}